#TYPE Microsoft.PowerShell.Commands.LocalUser
"AccountExpires","Description","Enabled","FullName","PasswordChangeableDate","PasswordExpires","UserMayChangePassword","PasswordRequired","PasswordLastSet","LastLogon","Name","SID","PrincipalSource","ObjectClass"
,"Built-in account for administering the computer/domain","True","","7/20/2017 1:20:18 PM",,"True","True","7/19/2017 1:20:18 PM","8/3/2018 4:22:27 AM","Administrator","S-1-5-21-2008782031-2134530175-3838562164-500","Local","User"
,"","True","Craig Robertson","6/13/2018 7:35:59 PM","7/24/2018 7:35:59 PM","True","True","6/12/2018 7:35:59 PM",,"crobertson","S-1-5-21-2008782031-2134530175-3838562164-1003","Local","User"
,"A user account managed by the system.","False","",,,"True","False",,,"DefaultAccount","S-1-5-21-2008782031-2134530175-3838562164-503","Local","User"
,"Built-in account for guest access to the computer/domain","False","",,,"False","False",,,"Guest","S-1-5-21-2008782031-2134530175-3838562164-501","Local","User"
,"","True","Karen Robertson","6/13/2018 7:32:45 PM","7/24/2018 7:32:45 PM","True","True","6/12/2018 7:32:45 PM",,"krobertson","S-1-5-21-2008782031-2134530175-3838562164-1002","Local","User"
,"","True","Robert Robertson","6/13/2018 7:31:16 PM","7/24/2018 7:31:16 PM","True","True","6/12/2018 7:31:16 PM",,"rrobertson","S-1-5-21-2008782031-2134530175-3838562164-1000","Local","User"
,"","True","Samantha Robertson","6/13/2018 7:31:48 PM","7/24/2018 7:31:48 PM","True","True","6/12/2018 7:31:48 PM",,"srobertson","S-1-5-21-2008782031-2134530175-3838562164-1001","Local","User"
,"","True","Terry Robertson","6/13/2018 7:36:33 PM","7/24/2018 7:36:33 PM","True","True","6/12/2018 7:36:33 PM",,"trobertson","S-1-5-21-2008782031-2134530175-3838562164-1004","Local","User"
